image_name,bib_numbers
ŽeljavaPolumaraton - 1.jpg,
ŽeljavaPolumaraton - 10.jpg,
ŽeljavaPolumaraton - 101.jpg,"310, 380"
ŽeljavaPolumaraton - 102.jpg,"328, 297"
ŽeljavaPolumaraton - 103.jpg,381
ŽeljavaPolumaraton - 104.jpg,"305, 281, 271, 391"
ŽeljavaPolumaraton - 105.jpg,
ŽeljavaPolumaraton - 106.jpg,
ŽeljavaPolumaraton - 107.jpg,
ŽeljavaPolumaraton - 108.jpg,
ŽeljavaPolumaraton - 109.jpg,
ŽeljavaPolumaraton - 11.jpg,185
ŽeljavaPolumaraton - 110.jpg,
ŽeljavaPolumaraton - 111.jpg,
ŽeljavaPolumaraton - 112.jpg,45
ŽeljavaPolumaraton - 114.jpg,86
ŽeljavaPolumaraton - 115.jpg,
ŽeljavaPolumaraton - 116.jpg,
ŽeljavaPolumaraton - 117.jpg,
ŽeljavaPolumaraton - 118.jpg,
ŽeljavaPolumaraton - 119.jpg,"37, 64, 103"
ŽeljavaPolumaraton - 12.jpg,
ŽeljavaPolumaraton - 120.jpg,"63, 37, 36, 52"
ŽeljavaPolumaraton - 122.jpg,"73, 72"
ŽeljavaPolumaraton - 123.jpg,"80, 91, 72"
ŽeljavaPolumaraton - 124.jpg,
ŽeljavaPolumaraton - 126.jpg,
ŽeljavaPolumaraton - 127.jpg,
ŽeljavaPolumaraton - 129.jpg,
ŽeljavaPolumaraton - 13.jpg,169
ŽeljavaPolumaraton - 130.jpg,
ŽeljavaPolumaraton - 131.jpg,"83, 78, 14"
ŽeljavaPolumaraton - 133.jpg,"43, 20, 59, 17"
ŽeljavaPolumaraton - 134.jpg,"59, 17"
ŽeljavaPolumaraton - 135.jpg,"104, 17, 75"
ŽeljavaPolumaraton - 136.jpg,"60, 46, 75, 10, 16"
ŽeljavaPolumaraton - 137.jpg,"71, 73, 92, 27, 62, 90, 54"
ŽeljavaPolumaraton - 138.jpg,
ŽeljavaPolumaraton - 139.jpg,
ŽeljavaPolumaraton - 14.jpg,
ŽeljavaPolumaraton - 140.jpg,316
ŽeljavaPolumaraton - 141.jpg,
ŽeljavaPolumaraton - 142.jpg,316
ŽeljavaPolumaraton - 143.jpg,
ŽeljavaPolumaraton - 144.jpg,316
ŽeljavaPolumaraton - 145.jpg,380
ŽeljavaPolumaraton - 146.jpg,380
ŽeljavaPolumaraton - 147.jpg,272
ŽeljavaPolumaraton - 148.jpg,272
ŽeljavaPolumaraton - 149.jpg,383
ŽeljavaPolumaraton - 15.jpg,225
ŽeljavaPolumaraton - 150.jpg,383
ŽeljavaPolumaraton - 151.jpg,292
ŽeljavaPolumaraton - 152.jpg,292
ŽeljavaPolumaraton - 153.jpg,310
ŽeljavaPolumaraton - 154.jpg,289
ŽeljavaPolumaraton - 155.jpg,292
ŽeljavaPolumaraton - 156.jpg,"345, 343"
ŽeljavaPolumaraton - 157.jpg,"343, 345"
ŽeljavaPolumaraton - 158.jpg,"345, 343"
ŽeljavaPolumaraton - 159.jpg,"343, 345"
ŽeljavaPolumaraton - 16.jpg,
ŽeljavaPolumaraton - 160.jpg,
ŽeljavaPolumaraton - 161.jpg,357
ŽeljavaPolumaraton - 162.jpg,374
ŽeljavaPolumaraton - 163.jpg,374
ŽeljavaPolumaraton - 164.jpg,307
ŽeljavaPolumaraton - 165.jpg,305
ŽeljavaPolumaraton - 166.jpg,368
ŽeljavaPolumaraton - 167.jpg,368
ŽeljavaPolumaraton - 168.jpg,"389, 382"
ŽeljavaPolumaraton - 169.jpg,382
ŽeljavaPolumaraton - 17.jpg,"342, 341"
ŽeljavaPolumaraton - 170.jpg,361
ŽeljavaPolumaraton - 171.jpg,379
ŽeljavaPolumaraton - 172.jpg,314
ŽeljavaPolumaraton - 173.jpg,364
ŽeljavaPolumaraton - 174.jpg,"329, 330"
ŽeljavaPolumaraton - 175.jpg,"330, 329"
ŽeljavaPolumaraton - 176.jpg,355
ŽeljavaPolumaraton - 177.jpg,291
ŽeljavaPolumaraton - 178.jpg,359
ŽeljavaPolumaraton - 179.jpg,290
ŽeljavaPolumaraton - 18.jpg,"342, 341, 344"
ŽeljavaPolumaraton - 180.jpg,365
ŽeljavaPolumaraton - 181.jpg,306
ŽeljavaPolumaraton - 182.jpg,306
ŽeljavaPolumaraton - 183.jpg,306
ŽeljavaPolumaraton - 184.jpg,398
ŽeljavaPolumaraton - 185.jpg,
ŽeljavaPolumaraton - 186.jpg,
ŽeljavaPolumaraton - 187.jpg,370
ŽeljavaPolumaraton - 188.jpg,"336, 297"
ŽeljavaPolumaraton - 189.jpg,
ŽeljavaPolumaraton - 19.jpg,"369, 372"
ŽeljavaPolumaraton - 190.jpg,344
ŽeljavaPolumaraton - 191.jpg,344
ŽeljavaPolumaraton - 192.jpg,378
ŽeljavaPolumaraton - 193.jpg,283
ŽeljavaPolumaraton - 194.jpg,294
ŽeljavaPolumaraton - 195.jpg,287
ŽeljavaPolumaraton - 196.jpg,287
ŽeljavaPolumaraton - 197.jpg,"319, 372"
ŽeljavaPolumaraton - 198.jpg,"347, 327"
ŽeljavaPolumaraton - 199.jpg,327
ŽeljavaPolumaraton - 2.jpg,
ŽeljavaPolumaraton - 20.jpg,
ŽeljavaPolumaraton - 200.jpg,399
ŽeljavaPolumaraton - 201.jpg,399
ŽeljavaPolumaraton - 202.jpg,"386, 295"
ŽeljavaPolumaraton - 203.jpg,328
ŽeljavaPolumaraton - 204.jpg,
ŽeljavaPolumaraton - 205.jpg,
ŽeljavaPolumaraton - 206.jpg,337
ŽeljavaPolumaraton - 207.jpg,"342, 353, 341"
ŽeljavaPolumaraton - 208.jpg,"341, 342, 353"
ŽeljavaPolumaraton - 209.jpg,
ŽeljavaPolumaraton - 21.jpg,
ŽeljavaPolumaraton - 210.jpg,325
ŽeljavaPolumaraton - 211.jpg,377
ŽeljavaPolumaraton - 212.jpg,270
ŽeljavaPolumaraton - 213.jpg,332
ŽeljavaPolumaraton - 214.jpg,332
ŽeljavaPolumaraton - 215.jpg,175
ŽeljavaPolumaraton - 216.jpg,64
ŽeljavaPolumaraton - 217.jpg,385
ŽeljavaPolumaraton - 218.jpg,313
ŽeljavaPolumaraton - 219.jpg,"308, 309"
ŽeljavaPolumaraton - 22.jpg,"211, 207, 213, 215, 214, 196"
ŽeljavaPolumaraton - 220.jpg,"308, 309"
ŽeljavaPolumaraton - 221.jpg,279
ŽeljavaPolumaraton - 222.jpg,318
ŽeljavaPolumaraton - 223.jpg,
ŽeljavaPolumaraton - 224.jpg,91
ŽeljavaPolumaraton - 225.jpg,37
ŽeljavaPolumaraton - 226.jpg,37
ŽeljavaPolumaraton - 227.jpg,339
ŽeljavaPolumaraton - 228.jpg,278
ŽeljavaPolumaraton - 229.jpg,95
ŽeljavaPolumaraton - 23.jpg,"199, 196, 211, 210, 213"
ŽeljavaPolumaraton - 230.jpg,95
ŽeljavaPolumaraton - 231.jpg,"335, 331"
ŽeljavaPolumaraton - 232.jpg,286
ŽeljavaPolumaraton - 233.jpg,333
ŽeljavaPolumaraton - 234.jpg,68
ŽeljavaPolumaraton - 235.jpg,68
ŽeljavaPolumaraton - 236.jpg,288
ŽeljavaPolumaraton - 237.jpg,13
ŽeljavaPolumaraton - 238.jpg,360
ŽeljavaPolumaraton - 239.jpg,317
ŽeljavaPolumaraton - 24.jpg,
ŽeljavaPolumaraton - 240.jpg,78
ŽeljavaPolumaraton - 241.jpg,78
ŽeljavaPolumaraton - 242.jpg,51
ŽeljavaPolumaraton - 243.jpg,
ŽeljavaPolumaraton - 244.jpg,12
ŽeljavaPolumaraton - 245.jpg,
ŽeljavaPolumaraton - 246.jpg,42
ŽeljavaPolumaraton - 247.jpg,55
ŽeljavaPolumaraton - 248.jpg,62
ŽeljavaPolumaraton - 249.jpg,96
ŽeljavaPolumaraton - 25.jpg,
ŽeljavaPolumaraton - 250.jpg,96
ŽeljavaPolumaraton - 251.jpg,63
ŽeljavaPolumaraton - 252.jpg,"73, 41, 99"
ŽeljavaPolumaraton - 253.jpg,99
ŽeljavaPolumaraton - 254.jpg,"371, 3"
ŽeljavaPolumaraton - 255.jpg,346
ŽeljavaPolumaraton - 256.jpg,307
ŽeljavaPolumaraton - 257.jpg,70
ŽeljavaPolumaraton - 258.jpg,74
ŽeljavaPolumaraton - 259.jpg,43
ŽeljavaPolumaraton - 260.jpg,375
ŽeljavaPolumaraton - 261.jpg,76
ŽeljavaPolumaraton - 262.jpg,75
ŽeljavaPolumaraton - 263.jpg,6
ŽeljavaPolumaraton - 264.jpg,
ŽeljavaPolumaraton - 265.jpg,17
ŽeljavaPolumaraton - 266.jpg,
ŽeljavaPolumaraton - 267.jpg,8
ŽeljavaPolumaraton - 268.jpg,8
ŽeljavaPolumaraton - 269.jpg,90
ŽeljavaPolumaraton - 27.jpg,"215, 213, 196, 199, 181"
ŽeljavaPolumaraton - 270.jpg,"104, 105"
ŽeljavaPolumaraton - 271.jpg,392
ŽeljavaPolumaraton - 272.jpg,48
ŽeljavaPolumaraton - 273.jpg,48
ŽeljavaPolumaraton - 274.jpg,"36, 18"
ŽeljavaPolumaraton - 275.jpg,"36, 18, 100"
ŽeljavaPolumaraton - 276.jpg,77
ŽeljavaPolumaraton - 277.jpg,"94, 57"
ŽeljavaPolumaraton - 278.jpg,46
ŽeljavaPolumaraton - 279.jpg,"384, 50"
ŽeljavaPolumaraton - 280.jpg,384
ŽeljavaPolumaraton - 281.jpg,"40, 34"
ŽeljavaPolumaraton - 282.jpg,"40, 26"
ŽeljavaPolumaraton - 283.jpg,40
ŽeljavaPolumaraton - 284.jpg,26
ŽeljavaPolumaraton - 285.jpg,30
ŽeljavaPolumaraton - 286.jpg,"29, 92"
ŽeljavaPolumaraton - 287.jpg,33
ŽeljavaPolumaraton - 288.jpg,32
ŽeljavaPolumaraton - 289.jpg,
ŽeljavaPolumaraton - 29.jpg,"208, 203, 193, 182, 202"
ŽeljavaPolumaraton - 290.jpg,34
ŽeljavaPolumaraton - 291.jpg,394
ŽeljavaPolumaraton - 292.jpg,50
ŽeljavaPolumaraton - 293.jpg,50
ŽeljavaPolumaraton - 294.jpg,49
ŽeljavaPolumaraton - 295.jpg,
ŽeljavaPolumaraton - 296.jpg,
ŽeljavaPolumaraton - 297.jpg,
ŽeljavaPolumaraton - 298.jpg,53
ŽeljavaPolumaraton - 299.jpg,96
ŽeljavaPolumaraton - 3.jpg,
ŽeljavaPolumaraton - 30.jpg,"224, 181, 188, 162"
ŽeljavaPolumaraton - 300.jpg,
ŽeljavaPolumaraton - 301.jpg,99
ŽeljavaPolumaraton - 302.jpg,
ŽeljavaPolumaraton - 303.jpg,41
ŽeljavaPolumaraton - 304.jpg,
ŽeljavaPolumaraton - 305.jpg,
ŽeljavaPolumaraton - 306.jpg,
ŽeljavaPolumaraton - 307.jpg,74
ŽeljavaPolumaraton - 308.jpg,
ŽeljavaPolumaraton - 309.jpg,73
ŽeljavaPolumaraton - 31.jpg,"200, 226, 225, 188, 186"
ŽeljavaPolumaraton - 310.jpg,50
ŽeljavaPolumaraton - 311.jpg,
ŽeljavaPolumaraton - 312.jpg,
ŽeljavaPolumaraton - 313.jpg,
ŽeljavaPolumaraton - 314.jpg,
ŽeljavaPolumaraton - 315.jpg,
ŽeljavaPolumaraton - 316.jpg,
ŽeljavaPolumaraton - 317.jpg,
ŽeljavaPolumaraton - 318.jpg,83
ŽeljavaPolumaraton - 319.jpg,83
ŽeljavaPolumaraton - 32.jpg,
ŽeljavaPolumaraton - 320.jpg,
ŽeljavaPolumaraton - 321.jpg,67
ŽeljavaPolumaraton - 322.jpg,64
ŽeljavaPolumaraton - 323.jpg,64
ŽeljavaPolumaraton - 324.jpg,64
ŽeljavaPolumaraton - 325.jpg,"52, 19"
ŽeljavaPolumaraton - 326.jpg,64
ŽeljavaPolumaraton - 327.jpg,"52, 19"
ŽeljavaPolumaraton - 328.jpg,"52, 19"
ŽeljavaPolumaraton - 329.jpg,52
ŽeljavaPolumaraton - 33.jpg,"209, 199"
ŽeljavaPolumaraton - 330.jpg,
ŽeljavaPolumaraton - 331.jpg,64
ŽeljavaPolumaraton - 332.jpg,6
ŽeljavaPolumaraton - 333.jpg,6
ŽeljavaPolumaraton - 334.jpg,6
ŽeljavaPolumaraton - 335.jpg,7
ŽeljavaPolumaraton - 336.jpg,7
ŽeljavaPolumaraton - 337.jpg,80
ŽeljavaPolumaraton - 338.jpg,61
ŽeljavaPolumaraton - 339.jpg,61
ŽeljavaPolumaraton - 34.jpg,199
ŽeljavaPolumaraton - 340.jpg,61
ŽeljavaPolumaraton - 341.jpg,85
ŽeljavaPolumaraton - 342.jpg,39
ŽeljavaPolumaraton - 343.jpg,98
ŽeljavaPolumaraton - 344.jpg,91
ŽeljavaPolumaraton - 345.jpg,91
ŽeljavaPolumaraton - 346.jpg,91
ŽeljavaPolumaraton - 347.jpg,91
ŽeljavaPolumaraton - 348.jpg,91
ŽeljavaPolumaraton - 349.jpg,91
ŽeljavaPolumaraton - 35.jpg,"213, 203, 215"
ŽeljavaPolumaraton - 350.jpg,90
ŽeljavaPolumaraton - 351.jpg,
ŽeljavaPolumaraton - 352.jpg,37
ŽeljavaPolumaraton - 353.jpg,
ŽeljavaPolumaraton - 354.jpg,37
ŽeljavaPolumaraton - 355.jpg,80
ŽeljavaPolumaraton - 356.jpg,95
ŽeljavaPolumaraton - 357.jpg,95
ŽeljavaPolumaraton - 358.jpg,72
ŽeljavaPolumaraton - 359.jpg,72
ŽeljavaPolumaraton - 36.jpg,"194, 191, 162"
ŽeljavaPolumaraton - 360.jpg,
ŽeljavaPolumaraton - 361.jpg,
ŽeljavaPolumaraton - 362.jpg,13
ŽeljavaPolumaraton - 363.jpg,13
ŽeljavaPolumaraton - 364.jpg,13
ŽeljavaPolumaraton - 365.jpg,
ŽeljavaPolumaraton - 366.jpg,
ŽeljavaPolumaraton - 367.jpg,34
ŽeljavaPolumaraton - 368.jpg,68
ŽeljavaPolumaraton - 369.jpg,68
ŽeljavaPolumaraton - 37.jpg,191
ŽeljavaPolumaraton - 370.jpg,68
ŽeljavaPolumaraton - 371.jpg,
ŽeljavaPolumaraton - 372.jpg,
ŽeljavaPolumaraton - 373.jpg,
ŽeljavaPolumaraton - 374.jpg,77
ŽeljavaPolumaraton - 375.jpg,58
ŽeljavaPolumaraton - 376.jpg,18
ŽeljavaPolumaraton - 377.jpg,103
ŽeljavaPolumaraton - 378.jpg,103
ŽeljavaPolumaraton - 379.jpg,78
ŽeljavaPolumaraton - 38.jpg,191
ŽeljavaPolumaraton - 380.jpg,78
ŽeljavaPolumaraton - 381.jpg,
ŽeljavaPolumaraton - 382.jpg,51
ŽeljavaPolumaraton - 383.jpg,53
ŽeljavaPolumaraton - 384.jpg,53
ŽeljavaPolumaraton - 385.jpg,89
ŽeljavaPolumaraton - 386.jpg,89
ŽeljavaPolumaraton - 387.jpg,
ŽeljavaPolumaraton - 388.jpg,89
ŽeljavaPolumaraton - 389.jpg,
ŽeljavaPolumaraton - 390.jpg,
ŽeljavaPolumaraton - 391.jpg,
ŽeljavaPolumaraton - 392.jpg,
ŽeljavaPolumaraton - 393.jpg,
ŽeljavaPolumaraton - 394.jpg,
ŽeljavaPolumaraton - 395.jpg,36
ŽeljavaPolumaraton - 396.jpg,30
ŽeljavaPolumaraton - 397.jpg,12
ŽeljavaPolumaraton - 398.jpg,
ŽeljavaPolumaraton - 399.jpg,
ŽeljavaPolumaraton - 4.jpg,
ŽeljavaPolumaraton - 40.jpg,202
ŽeljavaPolumaraton - 400.jpg,62
ŽeljavaPolumaraton - 401.jpg,62
ŽeljavaPolumaraton - 402.jpg,
ŽeljavaPolumaraton - 403.jpg,3
ŽeljavaPolumaraton - 404.jpg,74
ŽeljavaPolumaraton - 405.jpg,74
ŽeljavaPolumaraton - 406.jpg,96
ŽeljavaPolumaraton - 407.jpg,41
ŽeljavaPolumaraton - 408.jpg,88
ŽeljavaPolumaraton - 409.jpg,53
ŽeljavaPolumaraton - 41.jpg,181
ŽeljavaPolumaraton - 410.jpg,44
ŽeljavaPolumaraton - 411.jpg,44
ŽeljavaPolumaraton - 412.jpg,44
ŽeljavaPolumaraton - 413.jpg,73
ŽeljavaPolumaraton - 414.jpg,73
ŽeljavaPolumaraton - 415.jpg,73
ŽeljavaPolumaraton - 416.jpg,82
ŽeljavaPolumaraton - 417.jpg,43
ŽeljavaPolumaraton - 418.jpg,78
ŽeljavaPolumaraton - 419.jpg,
ŽeljavaPolumaraton - 42.jpg,"160, 152"
ŽeljavaPolumaraton - 420.jpg,79
ŽeljavaPolumaraton - 421.jpg,79
ŽeljavaPolumaraton - 422.jpg,28
ŽeljavaPolumaraton - 423.jpg,"28, 3"
ŽeljavaPolumaraton - 424.jpg,28
ŽeljavaPolumaraton - 425.jpg,
ŽeljavaPolumaraton - 426.jpg,
ŽeljavaPolumaraton - 427.jpg,
ŽeljavaPolumaraton - 428.jpg,
ŽeljavaPolumaraton - 429.jpg,
ŽeljavaPolumaraton - 43.jpg,"160, 152"
ŽeljavaPolumaraton - 430.jpg,80
ŽeljavaPolumaraton - 431.jpg,80
ŽeljavaPolumaraton - 432.jpg,6
ŽeljavaPolumaraton - 433.jpg,6
ŽeljavaPolumaraton - 434.jpg,
ŽeljavaPolumaraton - 435.jpg,61
ŽeljavaPolumaraton - 436.jpg,62
ŽeljavaPolumaraton - 437.jpg,98
ŽeljavaPolumaraton - 438.jpg,98
ŽeljavaPolumaraton - 439.jpg,25
ŽeljavaPolumaraton - 44.jpg,"229, 227, 228"
ŽeljavaPolumaraton - 440.jpg,23
ŽeljavaPolumaraton - 441.jpg,59
ŽeljavaPolumaraton - 442.jpg,59
ŽeljavaPolumaraton - 443.jpg,"169, 105, 388"
ŽeljavaPolumaraton - 444.jpg,"169, 388, 105"
ŽeljavaPolumaraton - 445.jpg,"388, 105, 169"
ŽeljavaPolumaraton - 446.jpg,22
ŽeljavaPolumaraton - 447.jpg,22
ŽeljavaPolumaraton - 448.jpg,
ŽeljavaPolumaraton - 449.jpg,
ŽeljavaPolumaraton - 450.jpg,30
ŽeljavaPolumaraton - 451.jpg,"92, 29"
ŽeljavaPolumaraton - 452.jpg,
ŽeljavaPolumaraton - 453.jpg,
ŽeljavaPolumaraton - 454.jpg,
ŽeljavaPolumaraton - 455.jpg,
ŽeljavaPolumaraton - 456.jpg,
ŽeljavaPolumaraton - 457.jpg,
ŽeljavaPolumaraton - 458.jpg,8
ŽeljavaPolumaraton - 459.jpg,
ŽeljavaPolumaraton - 46.jpg,192
ŽeljavaPolumaraton - 460.jpg,
ŽeljavaPolumaraton - 461.jpg,
ŽeljavaPolumaraton - 462.jpg,
ŽeljavaPolumaraton - 463.jpg,
ŽeljavaPolumaraton - 464.jpg,40
ŽeljavaPolumaraton - 465.jpg,
ŽeljavaPolumaraton - 466.jpg,
ŽeljavaPolumaraton - 467.jpg,
ŽeljavaPolumaraton - 468.jpg,
ŽeljavaPolumaraton - 469.jpg,
ŽeljavaPolumaraton - 47.jpg,"193, 190"
ŽeljavaPolumaraton - 470.jpg,32
ŽeljavaPolumaraton - 471.jpg,32
ŽeljavaPolumaraton - 472.jpg,66
ŽeljavaPolumaraton - 473.jpg,
ŽeljavaPolumaraton - 474.jpg,
ŽeljavaPolumaraton - 475.jpg,
ŽeljavaPolumaraton - 476.jpg,
ŽeljavaPolumaraton - 477.jpg,
ŽeljavaPolumaraton - 478.jpg,
ŽeljavaPolumaraton - 479.jpg,
ŽeljavaPolumaraton - 48.jpg,193
ŽeljavaPolumaraton - 480.jpg,
ŽeljavaPolumaraton - 481.jpg,46
ŽeljavaPolumaraton - 482.jpg,80
ŽeljavaPolumaraton - 483.jpg,
ŽeljavaPolumaraton - 484.jpg,
ŽeljavaPolumaraton - 485.jpg,
ŽeljavaPolumaraton - 486.jpg,
ŽeljavaPolumaraton - 487.jpg,
ŽeljavaPolumaraton - 488.jpg,
ŽeljavaPolumaraton - 489.jpg,157
ŽeljavaPolumaraton - 49.jpg,163
ŽeljavaPolumaraton - 490.jpg,"149, 1"
ŽeljavaPolumaraton - 491.jpg,
ŽeljavaPolumaraton - 492.jpg,"149, 1"
ŽeljavaPolumaraton - 493.jpg,"36, 1, 52"
ŽeljavaPolumaraton - 494.jpg,36
ŽeljavaPolumaraton - 495.jpg,77
ŽeljavaPolumaraton - 496.jpg,"87, 45"
ŽeljavaPolumaraton - 497.jpg,"45, 87"
ŽeljavaPolumaraton - 498.jpg,"45, 87"
ŽeljavaPolumaraton - 499.jpg,"87, 45"
ŽeljavaPolumaraton - 5.jpg,
ŽeljavaPolumaraton - 50.jpg,177
ŽeljavaPolumaraton - 500.jpg,"14, 27"
ŽeljavaPolumaraton - 501.jpg,14
ŽeljavaPolumaraton - 502.jpg,27
ŽeljavaPolumaraton - 503.jpg,"16, 102"
ŽeljavaPolumaraton - 504.jpg,"16, 102"
ŽeljavaPolumaraton - 505.jpg,"16, 102"
ŽeljavaPolumaraton - 506.jpg,16
ŽeljavaPolumaraton - 507.jpg,
ŽeljavaPolumaraton - 508.jpg,
ŽeljavaPolumaraton - 509.jpg,
ŽeljavaPolumaraton - 51.jpg,"216, 368"
ŽeljavaPolumaraton - 510.jpg,
ŽeljavaPolumaraton - 511.jpg,
ŽeljavaPolumaraton - 512.jpg,
ŽeljavaPolumaraton - 513.jpg,
ŽeljavaPolumaraton - 514.jpg,
ŽeljavaPolumaraton - 515.jpg,
ŽeljavaPolumaraton - 516.jpg,
ŽeljavaPolumaraton - 517.jpg,
ŽeljavaPolumaraton - 518.jpg,
ŽeljavaPolumaraton - 519.jpg,
ŽeljavaPolumaraton - 52.jpg,"212, 222, 225, 224"
ŽeljavaPolumaraton - 520.jpg,
ŽeljavaPolumaraton - 521.jpg,
ŽeljavaPolumaraton - 522.jpg,
ŽeljavaPolumaraton - 523.jpg,
ŽeljavaPolumaraton - 524.jpg,
ŽeljavaPolumaraton - 525.jpg,
ŽeljavaPolumaraton - 526.jpg,
ŽeljavaPolumaraton - 527.jpg,
ŽeljavaPolumaraton - 528.jpg,
ŽeljavaPolumaraton - 529.jpg,
ŽeljavaPolumaraton - 53.jpg,"225, 226, 224, 222"
ŽeljavaPolumaraton - 530.jpg,
ŽeljavaPolumaraton - 531.jpg,
ŽeljavaPolumaraton - 532.jpg,
ŽeljavaPolumaraton - 533.jpg,
ŽeljavaPolumaraton - 534.jpg,
ŽeljavaPolumaraton - 535.jpg,
ŽeljavaPolumaraton - 536.jpg,
ŽeljavaPolumaraton - 537.jpg,
ŽeljavaPolumaraton - 538.jpg,
ŽeljavaPolumaraton - 539.jpg,
ŽeljavaPolumaraton - 54.jpg,"223, 183"
ŽeljavaPolumaraton - 540.jpg,
ŽeljavaPolumaraton - 541.jpg,
ŽeljavaPolumaraton - 542.jpg,
ŽeljavaPolumaraton - 543.jpg,
ŽeljavaPolumaraton - 544.jpg,
ŽeljavaPolumaraton - 545.jpg,
ŽeljavaPolumaraton - 546.jpg,
ŽeljavaPolumaraton - 547.jpg,
ŽeljavaPolumaraton - 548.jpg,
ŽeljavaPolumaraton - 549.jpg,
ŽeljavaPolumaraton - 55.jpg,217
ŽeljavaPolumaraton - 550.jpg,157
ŽeljavaPolumaraton - 551.jpg,
ŽeljavaPolumaraton - 552.jpg,
ŽeljavaPolumaraton - 553.jpg,157
ŽeljavaPolumaraton - 554.jpg,157
ŽeljavaPolumaraton - 555.jpg,
ŽeljavaPolumaraton - 556.jpg,
ŽeljavaPolumaraton - 557.jpg,
ŽeljavaPolumaraton - 558.jpg,
ŽeljavaPolumaraton - 559.jpg,
ŽeljavaPolumaraton - 56.jpg,"200, 201, 195"
ŽeljavaPolumaraton - 560.jpg,
ŽeljavaPolumaraton - 561.jpg,
ŽeljavaPolumaraton - 562.jpg,
ŽeljavaPolumaraton - 563.jpg,
ŽeljavaPolumaraton - 564.jpg,
ŽeljavaPolumaraton - 565.jpg,
ŽeljavaPolumaraton - 566.jpg,
ŽeljavaPolumaraton - 567.jpg,
ŽeljavaPolumaraton - 568.jpg,
ŽeljavaPolumaraton - 569.jpg,83
ŽeljavaPolumaraton - 57.jpg,"178, 208"
ŽeljavaPolumaraton - 570.jpg,1
ŽeljavaPolumaraton - 571.jpg,
ŽeljavaPolumaraton - 572.jpg,
ŽeljavaPolumaraton - 573.jpg,
ŽeljavaPolumaraton - 574.jpg,
ŽeljavaPolumaraton - 575.jpg,
ŽeljavaPolumaraton - 576.jpg,
ŽeljavaPolumaraton - 577.jpg,213
ŽeljavaPolumaraton - 578.jpg,213
ŽeljavaPolumaraton - 579.jpg,213
ŽeljavaPolumaraton - 58.jpg,208
ŽeljavaPolumaraton - 580.jpg,213
ŽeljavaPolumaraton - 581.jpg,
ŽeljavaPolumaraton - 582.jpg,
ŽeljavaPolumaraton - 583.jpg,
ŽeljavaPolumaraton - 584.jpg,
ŽeljavaPolumaraton - 585.jpg,
ŽeljavaPolumaraton - 586.jpg,
ŽeljavaPolumaraton - 587.jpg,
ŽeljavaPolumaraton - 588.jpg,
ŽeljavaPolumaraton - 589.jpg,
ŽeljavaPolumaraton - 59.jpg,
ŽeljavaPolumaraton - 590.jpg,
ŽeljavaPolumaraton - 591.jpg,
ŽeljavaPolumaraton - 592.jpg,
ŽeljavaPolumaraton - 593.jpg,
ŽeljavaPolumaraton - 594.jpg,
ŽeljavaPolumaraton - 595.jpg,
ŽeljavaPolumaraton - 596.jpg,
ŽeljavaPolumaraton - 597.jpg,
ŽeljavaPolumaraton - 598.jpg,
ŽeljavaPolumaraton - 599.jpg,
ŽeljavaPolumaraton - 6.jpg,
ŽeljavaPolumaraton - 60.jpg,169
ŽeljavaPolumaraton - 600.jpg,
ŽeljavaPolumaraton - 601.jpg,
ŽeljavaPolumaraton - 602.jpg,
ŽeljavaPolumaraton - 603.jpg,
ŽeljavaPolumaraton - 604.jpg,
ŽeljavaPolumaraton - 605.jpg,
ŽeljavaPolumaraton - 606.jpg,
ŽeljavaPolumaraton - 607.jpg,
ŽeljavaPolumaraton - 608.jpg,
ŽeljavaPolumaraton - 609.jpg,83
ŽeljavaPolumaraton - 61.jpg,188
ŽeljavaPolumaraton - 610.jpg,
ŽeljavaPolumaraton - 611.jpg,
ŽeljavaPolumaraton - 612.jpg,
ŽeljavaPolumaraton - 613.jpg,
ŽeljavaPolumaraton - 614.jpg,
ŽeljavaPolumaraton - 615.jpg,
ŽeljavaPolumaraton - 616.jpg,83
ŽeljavaPolumaraton - 617.jpg,83
ŽeljavaPolumaraton - 618.jpg,
ŽeljavaPolumaraton - 619.jpg,
ŽeljavaPolumaraton - 62.jpg,"174, 173"
ŽeljavaPolumaraton - 620.jpg,
ŽeljavaPolumaraton - 621.jpg,
ŽeljavaPolumaraton - 622.jpg,
ŽeljavaPolumaraton - 623.jpg,
ŽeljavaPolumaraton - 624.jpg,
ŽeljavaPolumaraton - 625.jpg,
ŽeljavaPolumaraton - 626.jpg,
ŽeljavaPolumaraton - 627.jpg,
ŽeljavaPolumaraton - 628.jpg,
ŽeljavaPolumaraton - 629.jpg,
ŽeljavaPolumaraton - 63.jpg,"220, 221"
ŽeljavaPolumaraton - 630.jpg,
ŽeljavaPolumaraton - 631.jpg,
ŽeljavaPolumaraton - 632.jpg,83
ŽeljavaPolumaraton - 633.jpg,83
ŽeljavaPolumaraton - 634.jpg,83
ŽeljavaPolumaraton - 635.jpg,
ŽeljavaPolumaraton - 636.jpg,
ŽeljavaPolumaraton - 637.jpg,
ŽeljavaPolumaraton - 638.jpg,
ŽeljavaPolumaraton - 639.jpg,
ŽeljavaPolumaraton - 64.jpg,"220, 221"
ŽeljavaPolumaraton - 640.jpg,
ŽeljavaPolumaraton - 641.jpg,
ŽeljavaPolumaraton - 642.jpg,
ŽeljavaPolumaraton - 643.jpg,
ŽeljavaPolumaraton - 644.jpg,
ŽeljavaPolumaraton - 645.jpg,
ŽeljavaPolumaraton - 646.jpg,
ŽeljavaPolumaraton - 647.jpg,
ŽeljavaPolumaraton - 648.jpg,
ŽeljavaPolumaraton - 649.jpg,
ŽeljavaPolumaraton - 65.jpg,
ŽeljavaPolumaraton - 650.jpg,
ŽeljavaPolumaraton - 651.jpg,
ŽeljavaPolumaraton - 652.jpg,
ŽeljavaPolumaraton - 653.jpg,
ŽeljavaPolumaraton - 654.jpg,
ŽeljavaPolumaraton - 655.jpg,
ŽeljavaPolumaraton - 656.jpg,
ŽeljavaPolumaraton - 657.jpg,
ŽeljavaPolumaraton - 658.jpg,
ŽeljavaPolumaraton - 659.jpg,
ŽeljavaPolumaraton - 66.jpg,
ŽeljavaPolumaraton - 660.jpg,
ŽeljavaPolumaraton - 661.jpg,
ŽeljavaPolumaraton - 662.jpg,
ŽeljavaPolumaraton - 663.jpg,14
ŽeljavaPolumaraton - 664.jpg,
ŽeljavaPolumaraton - 665.jpg,
ŽeljavaPolumaraton - 666.jpg,
ŽeljavaPolumaraton - 667.jpg,
ŽeljavaPolumaraton - 668.jpg,
ŽeljavaPolumaraton - 669.jpg,
ŽeljavaPolumaraton - 67.jpg,211
ŽeljavaPolumaraton - 670.jpg,
ŽeljavaPolumaraton - 671.jpg,
ŽeljavaPolumaraton - 672.jpg,
ŽeljavaPolumaraton - 673.jpg,
ŽeljavaPolumaraton - 674.jpg,
ŽeljavaPolumaraton - 675.jpg,
ŽeljavaPolumaraton - 69.jpg,211
ŽeljavaPolumaraton - 7.jpg,
ŽeljavaPolumaraton - 70.jpg,211
ŽeljavaPolumaraton - 71.jpg,
ŽeljavaPolumaraton - 73.jpg,
ŽeljavaPolumaraton - 74.jpg,
ŽeljavaPolumaraton - 75.jpg,204
ŽeljavaPolumaraton - 76.jpg,"206, 219"
ŽeljavaPolumaraton - 77.jpg,219
ŽeljavaPolumaraton - 78.jpg,310
ŽeljavaPolumaraton - 79.jpg,199
ŽeljavaPolumaraton - 8.jpg,
ŽeljavaPolumaraton - 80.jpg,199
ŽeljavaPolumaraton - 81.jpg,213
ŽeljavaPolumaraton - 82.jpg,205
ŽeljavaPolumaraton - 83.jpg,202
ŽeljavaPolumaraton - 84.jpg,205
ŽeljavaPolumaraton - 85.jpg,"229, 227"
ŽeljavaPolumaraton - 86.jpg,218
ŽeljavaPolumaraton - 87.jpg,191
ŽeljavaPolumaraton - 88.jpg,214
ŽeljavaPolumaraton - 89.jpg,181
ŽeljavaPolumaraton - 9.jpg,
ŽeljavaPolumaraton - 90.jpg,152
ŽeljavaPolumaraton - 91.jpg,
ŽeljavaPolumaraton - 92.jpg,"92, 365"
ŽeljavaPolumaraton - 93.jpg,224
ŽeljavaPolumaraton - 94.jpg,222
ŽeljavaPolumaraton - 95.jpg,"225, 226, 190"
ŽeljavaPolumaraton - 96.jpg,
ŽeljavaPolumaraton - 97.jpg,342
ŽeljavaPolumaraton - 98.jpg,"342, 195"
ŽeljavaPolumaraton - 99.jpg,
